{"raise":3.54310484818459,"slate":3.4944633595195986,"crate":3.4990925925478944,"trace":3.4968574608604013,"irate":3.5340922506092762,"arise":3.549485282704258,"stare":3.5323765507066196,"snare":3.531480730572553,"arose":3.5537891039828056,"least":3.5071142231182213}