{"raise":3.52177548389372,"slate":3.4802051813006774,"crate":3.4847668052857466,"trace":3.4858813296462654,"irate":3.5224670482561025,"arise":3.5324261957847023,"stare":3.5174379519526235,"snare":3.515471655453411,"arose":3.532951806774365,"least":3.487635411443914,"alert":3.5138105141583407,"crane":3.4920147923651252,"stale":3.496632984090802,"saner":3.5074393319999575,"alter":3.523068763317586,"later":3.5318807029617614,"react":3.5074458528458297,"leant":3.5043149717801945,"trade":3.5109581272560533,"learn":3.521199741885947}