{"soare":3.5830053128272765,"roate":3.550805187257807,"raise":3.5692585859714714,"reast":3.5429402239208456,"raile":3.5579102194412164,"slate":3.5339219879667416,"salet":3.530769252460433,"crate":3.535762940339659,"trace":3.5401937547980817,"irate":3.5709629543476087}